estimate,se_conventional,p_conventional,p_wild_webb,ci_lo,ci_hi
0.3440732167874419,0.11624168843186425,0.009217025422833312,0.0089008900890089,0.09512543449495386,0.6600279380935474
